movie_name,year,runtime,rating,detail_about_movie,director,actor_1,actor_2,votes,metascore,gross_collection,action,adventure,animation,biography,comedy,crime,drama,family,fantasy,film-noir,history,horror,music,musical,mystery,romance,sci-fi,sport,thriller,war,western
Jai Bhim,2021,164,9.4,"When a tribal man is arrested for a case of alleged theft, his wife turns to a human-rights lawyer to help bring justice.",T.J. Gnanavel,Suriya,Lijo Mol Jose,163431,82.44954128440367,32.285,0,0,0,0,0,1,1,0,0,0,0,0,0,0,0,0,0,0,0,0,0
The Shawshank Redemption,1994,142,9.3,"Two imprisoned men bond over a number of years, finding solace and eventual redemption through acts of common decency.",Frank Darabont,Tim Robbins,Morgan Freeman,2515762,80.0,28.34,0,0,0,0,0,0,1,0,0,0,0,0,0,0,0,0,0,0,0,0,0
The Godfather,1972,175,9.2,"The Godfather follows Vito Corleone, Don of the Corleone family, as he passes the mantel to his unwilling son, Michael.",Francis Ford Coppola,Marlon Brando,Al Pacino,1732749,100.0,134.97,0,0,0,0,0,1,1,0,0,0,0,0,0,0,0,0,0,0,0,0,0
The Dark Knight,2008,152,9.0,"When the menace known as the Joker wreaks havoc and chaos on the people of Gotham, Batman must accept one of the greatest psychological and physical tests of his ability to fight injustice.",Christopher Nolan,Christian Bale,Heath Ledger,2466041,84.0,534.86,1,0,0,0,0,1,1,0,0,0,0,0,0,0,0,0,0,0,0,0,0
The Godfather: Part II,1974,202,9.0,"The early life and career of Vito Corleone in 1920s New York City is portrayed, while his son, Michael, expands and tightens his grip on the family crime syndicate.",Francis Ford Coppola,Al Pacino,Robert De Niro,1202401,90.0,57.3,0,0,0,0,0,1,1,0,0,0,0,0,0,0,0,0,0,0,0,0,0
12 Angry Men,1957,96,9.0,The jury in a New York City murder trial is frustrated by a single member whose skeptical caution forces them to more carefully consider the evidence before jumping to a hasty verdict.,Sidney Lumet,Henry Fonda,Lee J. Cobb,742970,96.0,4.36,0,0,0,0,0,1,1,0,0,0,0,0,0,0,0,0,0,0,0,0,0
The Lord of the Rings: The Return of the King,2003,201,8.9,Gandalf and Aragorn lead the World of Men against Sauron's army to draw his gaze from Frodo and Sam as they approach Mount Doom with the One Ring.,Peter Jackson,Elijah Wood,Viggo Mortensen,1737140,94.0,377.85,1,1,0,0,0,0,1,0,0,0,0,0,0,0,0,0,0,0,0,0,0
Pulp Fiction,1994,154,8.9,"The lives of two mob hitmen, a boxer, a gangster and his wife, and a pair of diner bandits intertwine in four tales of violence and redemption.",Quentin Tarantino,John Travolta,Uma Thurman,1939304,94.0,107.93,0,0,0,0,0,1,1,0,0,0,0,0,0,0,0,0,0,0,0,0,0
Schindler's List,1993,195,8.9,"In German-occupied Poland during World War II, industrialist  gradually becomes concerned for his Jewish workforce after witnessing their persecution by the Nazis.",Steven Spielberg,Liam Neeson,Ralph Fiennes,1286186,94.0,96.9,0,0,0,1,0,0,1,0,0,0,1,0,0,0,0,0,0,0,0,0,0
Inception,2010,148,8.8,"A thief who steals corporate secrets through the use of dream-sharing technology is given the inverse task of planting an idea into the mind of a C.E.O., but his tragic past may doom the project and his team to disaster.",Christopher Nolan,Leonardo DiCaprio,Joseph Gordon-Levitt,2211491,74.0,292.58,1,1,0,0,0,0,0,0,0,0,0,0,0,0,0,0,1,0,0,0,0
Spider-Man: No Way Home,2021,148,8.8,"With Spider-Man's identity now revealed, Peter asks Doctor Strange for help. When a spell goes wrong, dangerous foes from other worlds start to appear, forcing Peter to discover what it truly means to be Spider-Man.",Jon Watts,Tom Holland,Zendaya,323084,71.0,32.285,1,1,0,0,0,0,0,0,1,0,0,0,0,0,0,0,0,0,0,0,0
Fight Club,1999,139,8.8,An insomniac office worker and a devil-may-care soap maker form an underground fight club that evolves into much more.,David Fincher,Brad Pitt,Edward Norton,1978491,66.0,37.03,0,0,0,0,0,0,1,0,0,0,0,0,0,0,0,0,0,0,0,0,0
The Lord of the Rings: The Fellowship of the Ring,2001,178,8.8,A meek Hobbit from the Shire and eight companions set out on a journey to destroy the powerful One Ring and save Middle-earth from the Dark Lord Sauron.,Peter Jackson,Elijah Wood,Ian McKellen,1758145,92.0,315.54,1,1,0,0,0,0,1,0,0,0,0,0,0,0,0,0,0,0,0,0,0
Forrest Gump,1994,142,8.8,"The presidencies of Kennedy and Johnson, the Vietnam War, the Watergate scandal and other historical events unfold from the perspective of an Alabama man with an IQ of 75, whose only desire is to be reunited with his childhood sweetheart.",Robert Zemeckis,Tom Hanks,Robin Wright,1941394,82.0,330.25,0,0,0,0,0,0,1,0,0,0,0,0,0,0,0,1,0,0,0,0,0
"The Good, the Bad and the Ugly",1966,178,8.8,A bounty hunting scam joins two men in an uneasy alliance against a third in a race to find a fortune in gold buried in a remote cemetery.,Sergio Leone,Clint Eastwood,Eli Wallach,727922,90.0,6.1,0,1,0,0,0,0,0,0,0,0,0,0,0,0,0,0,0,0,0,0,1
The Lord of the Rings: The Two Towers,2002,179,8.7,"While Frodo and Sam edge closer to Mordor with the help of the shifty Gollum, the divided fellowship makes a stand against Sauron's new ally, Saruman, and his hordes of Isengard.",Peter Jackson,Elijah Wood,Ian McKellen,1569865,87.0,342.55,1,1,0,0,0,0,1,0,0,0,0,0,0,0,0,0,0,0,0,0,0
The Matrix,1999,136,8.7,"When a beautiful stranger leads computer hacker Neo to a forbidding underworld, he discovers the shocking truth--the life he knows is the elaborate deception of an evil cyber-intelligence.",Lana Wachowski,Lilly Wachowski,Keanu Reeves,1807421,73.0,171.48,1,0,0,0,0,0,0,0,0,0,0,0,0,0,0,0,1,0,0,0,0
Goodfellas,1990,146,8.7,"The story of  and his life in the mob, covering his relationship with his wife Karen Hill and his mob partners Jimmy Conway and Tommy DeVito in the Italian-American crime syndicate.",Martin Scorsese,Robert De Niro,Ray Liotta,1088677,90.0,46.84,0,0,0,1,0,1,1,0,0,0,0,0,0,0,0,0,0,0,0,0,0
Star Wars: Episode V - The Empire Strikes Back,1980,124,8.7,"After the Rebels are brutally overpowered by the Empire on the ice planet Hoth, Luke Skywalker begins Jedi training with Yoda, while his friends are pursued across the galaxy by Darth Vader and bounty hunter Boba Fett.",Irvin Kershner,Mark Hamill,Harrison Ford,1222758,82.0,290.48,1,1,0,0,0,0,0,0,1,0,0,0,0,0,0,0,0,0,0,0,0
One Flew Over the Cuckoo's Nest,1975,133,8.7,"A criminal pleads insanity and is admitted to a mental institution, where he rebels against the oppressive nurse and rallies up the scared patients.",Milos Forman,Jack Nicholson,Louise Fletcher,965879,84.0,112.0,0,0,0,0,0,0,1,0,0,0,0,0,0,0,0,0,0,0,0,0,0
Parasite,2019,132,8.6,Greed and class discrimination threaten the newly formed symbiotic relationship between the wealthy Park family and the destitute Kim clan.,Bong Joon Ho,Kang-ho Song,Sun-kyun Lee,698173,96.0,53.37,0,0,0,0,1,0,1,0,0,0,0,0,0,0,0,0,0,0,1,0,0
Interstellar,2014,169,8.6,A team of explorers travel through a wormhole in space in an attempt to ensure humanity's survival.,Christopher Nolan,Matthew McConaughey,Anne Hathaway,1662402,74.0,188.02,0,1,0,0,0,0,1,0,0,0,0,0,0,0,0,0,1,0,0,0,0
City of God,2002,130,8.6,"In the slums of Rio, two kids' paths diverge as one struggles to become a photographer and the other a kingpin.",Fernando Meirelles,Kátia Lund,Alexandre Rodrigues,729710,79.0,7.56,0,0,0,0,0,1,1,0,0,0,0,0,0,0,0,0,0,0,0,0,0
Spirited Away,2001,125,8.6,"During her family's move to the suburbs, a sullen 10-year-old girl wanders into a world ruled by gods, witches, and spirits, and where humans are changed into beasts.",Hayao Miyazaki,Daveigh Chase,Suzanne Pleshette,708844,96.0,10.06,0,1,1,0,0,0,0,1,0,0,0,0,0,0,0,0,0,0,0,0,0
Saving Private Ryan,1998,169,8.6,"Following the Normandy Landings, a group of U.S. soldiers go behind enemy lines to retrieve a paratrooper whose brothers have been killed in action.",Steven Spielberg,Tom Hanks,Matt Damon,1313750,91.0,216.54,0,0,0,0,0,0,1,0,0,0,0,0,0,0,0,0,0,0,0,1,0
The Green Mile,1999,189,8.6,"The lives of guards on Death Row are affected by one of their charges: a black man accused of child murder and rape, yet who has a mysterious gift.",Frank Darabont,Tom Hanks,Michael Clarke Duncan,1223918,61.0,136.8,0,0,0,0,0,1,1,0,1,0,0,0,0,0,0,0,0,0,0,0,0
Life Is Beautiful,1997,116,8.6,"When an open-minded Jewish waiter and his son become victims of the Holocaust, he uses a perfect mixture of will, humor, and imagination to protect his son from the dangers around their camp.",Roberto Benigni,Roberto Benigni,Nicoletta Braschi,662193,59.0,57.6,0,0,0,0,1,0,1,0,0,0,0,0,0,0,0,1,0,0,0,0,0
Se7en,1995,127,8.6,"Two detectives, a rookie and a veteran, hunt a serial killer who uses the seven deadly sins as his motives.",David Fincher,Morgan Freeman,Brad Pitt,1544575,65.0,100.13,0,0,0,0,0,1,1,0,0,0,0,0,0,0,1,0,0,0,0,0,0
The Silence of the Lambs,1991,118,8.6,"A young F.B.I. cadet must receive the help of an incarcerated and manipulative cannibal killer to help catch another serial killer, a madman who skins his victims.",Jonathan Demme,Jodie Foster,Anthony Hopkins,1353714,85.0,130.74,0,0,0,0,0,1,1,0,0,0,0,1,0,0,0,0,0,0,0,0,0
Star Wars: Episode IV - A New Hope,1977,121,8.6,"Luke Skywalker joins forces with a Jedi Knight, a cocky pilot, a Wookiee and two droids to save the galaxy from the Empire's world-destroying battle station, while also attempting to rescue Princess Leia from the mysterious Darth Vader.",George Lucas,Mark Hamill,Harrison Ford,1294390,90.0,322.74,1,1,0,0,0,0,0,0,1,0,0,0,0,0,0,0,0,0,0,0,0
Hara-Kiri,1962,133,8.6,"When a ronin requesting seppuku at a feudal lord's palace is told of the brutal suicide of another ronin who previously visited, he reveals how their pasts are intertwined - and in doing so challenges the clan's integrity.",Masaki Kobayashi,Tatsuya Nakadai,Akira Ishihama,51037,85.0,32.285,1,0,0,0,0,0,1,0,0,0,0,0,0,0,1,0,0,0,0,0,0
Seven Samurai,1954,207,8.6,A poor village under attack by bandits recruits seven unemployed samurai to help them defend themselves.,Akira Kurosawa,Toshirô Mifune,Takashi Shimura,333085,98.0,0.27,1,0,0,0,0,0,1,0,0,0,0,0,0,0,0,0,0,0,0,0,0
It's a Wonderful Life,1946,130,8.6,An angel is sent from Heaven to help a desperately frustrated businessman by showing him what life would have been like if he had never existed.,Frank Capra,James Stewart,Donna Reed,435268,89.0,32.285,0,0,0,0,0,0,1,1,1,0,0,0,0,0,0,0,0,0,0,0,0
Whiplash,2014,106,8.5,A promising young drummer enrolls at a cut-throat music conservatory where his dreams of greatness are mentored by an instructor who will stop at nothing to realize a student's potential.,Damien Chazelle,Miles Teller,J.K. Simmons,780652,88.0,13.09,0,0,0,0,0,0,1,0,0,0,0,0,1,0,0,0,0,0,0,0,0
The Intouchables,2011,112,8.5,"After he becomes a quadriplegic from a paragliding accident, an aristocrat hires a young man from the projects to be his caregiver.",Olivier Nakache,Éric Toledano,François Cluzet,810538,57.0,13.18,0,0,0,1,1,0,1,0,0,0,0,0,0,0,0,0,0,0,0,0,0
The Prestige,2006,130,8.5,"After a tragic accident, two stage magicians in 1890s London engage in a battle to create the ultimate illusion while sacrificing everything they have to outwit each other.",Christopher Nolan,Christian Bale,Hugh Jackman,1264981,66.0,53.09,0,0,0,0,0,0,1,0,0,0,0,0,0,0,1,0,0,0,1,0,0
The Departed,2006,151,8.5,An undercover cop and a mole in the police attempt to identify each other while infiltrating an Irish gang in South Boston.,Martin Scorsese,Leonardo DiCaprio,Matt Damon,1259042,85.0,132.38,1,0,0,0,0,1,1,0,0,0,0,0,0,0,0,0,0,0,0,0,0
The Pianist,2002,150,8.5,A Polish Jewish musician struggles to survive the destruction of the Warsaw ghetto of World War II.,Roman Polanski,Adrien Brody,Thomas Kretschmann,784426,85.0,32.57,0,0,0,1,0,0,1,0,0,0,0,0,1,0,0,0,0,0,0,0,0
Gladiator,2000,155,8.5,A former Roman General sets out to exact vengeance against the corrupt emperor who murdered his family and sent him into slavery.,Ridley Scott,Russell Crowe,Joaquin Phoenix,1421894,67.0,187.71,1,1,0,0,0,0,1,0,0,0,0,0,0,0,0,0,0,0,0,0,0
American History X,1998,119,8.5,A former neo-nazi skinhead tries to prevent his younger brother from going down the same wrong path that he did.,Tony Kaye,Edward Norton,Edward Furlong,1078864,62.0,6.72,0,0,0,0,0,0,1,0,0,0,0,0,0,0,0,0,0,0,0,0,0
The Usual Suspects,1995,106,8.5,"A sole survivor tells of the twisty events leading up to a horrific gun battle on a boat, which began when five criminals met at a seemingly random police lineup.",Bryan Singer,Kevin Spacey,Gabriel Byrne,1041621,77.0,23.34,0,0,0,0,0,1,1,0,0,0,0,0,0,0,1,0,0,0,0,0,0
Léon: The Professional,1994,110,8.5,"12-year-old Mathilda is reluctantly taken in by Léon, a professional assassin, after her family is murdered. An unusual relationship forms as she becomes his protégée and learns the assassin's trade.",Luc Besson,Jean Reno,Gary Oldman,1100062,64.0,19.5,1,0,0,0,0,1,1,0,0,0,0,0,0,0,0,0,0,0,0,0,0
The Lion King,1994,88,8.5,"Lion prince Simba and his father are targeted by his bitter uncle, who wants to ascend the throne himself.",Roger Allers,Rob Minkoff,Matthew Broderick,999312,88.0,422.78,0,1,1,0,0,0,1,0,0,0,0,0,0,0,0,0,0,0,0,0,0
Terminator 2: Judgment Day,1991,137,8.5,"A cyborg, identical to the one who failed to kill Sarah Connor, must now protect her ten-year-old son John from a more advanced and powerful cyborg.",James Cameron,Arnold Schwarzenegger,Linda Hamilton,1047453,75.0,204.84,1,0,0,0,0,0,0,0,0,0,0,0,0,0,0,0,1,0,0,0,0
Cinema Paradiso,1988,155,8.5,A filmmaker recalls his childhood when falling in love with the pictures at the cinema of his home village and forms a deep friendship with the cinema's projectionist.,Giuseppe Tornatore,Philippe Noiret,Enzo Cannavale,249201,80.0,11.99,0,0,0,0,0,0,1,0,0,0,0,0,0,0,0,1,0,0,0,0,0
Grave of the Fireflies,1988,89,8.5,A young boy and his little sister struggle to survive in Japan during World War II.,Isao Takahata,Tsutomu Tatsumi,Ayano Shiraishi,258230,94.0,32.285,0,0,1,0,0,0,1,0,0,0,0,0,0,0,0,0,0,0,0,1,0
Back to the Future,1985,116,8.5,"Marty McFly, a 17-year-old high school student, is accidentally sent thirty years into the past in a time-traveling DeLorean invented by his close friend, the eccentric scientist Doc Brown.",Robert Zemeckis,Michael J. Fox,Christopher Lloyd,1132222,87.0,210.61,0,1,0,0,1,0,0,0,0,0,0,0,0,0,0,0,1,0,0,0,0
Once Upon a Time in the West,1968,165,8.5,A mysterious stranger with a harmonica joins forces with a notorious desperado to protect a beautiful widow from a ruthless assassin working for the railroad.,Sergio Leone,Henry Fonda,Charles Bronson,318181,80.0,5.32,0,0,0,0,0,0,0,0,0,0,0,0,0,0,0,0,0,0,0,0,1
Psycho,1960,109,8.5,"A Phoenix secretary embezzles $40,000 from her employer's client, goes on the run, and checks into a remote motel run by a young man under the domination of his mother.",Alfred Hitchcock,Anthony Perkins,Janet Leigh,640525,97.0,32.0,0,0,0,0,0,0,0,0,0,0,0,1,0,0,1,0,0,0,1,0,0
Rear Window,1954,112,8.5,"A wheelchair-bound photographer spies on his neighbors from his Greenwich Village courtyard apartment window, and becomes convinced one of them has committed murder, despite the skepticism of his fashion-model girlfriend.",Alfred Hitchcock,James Stewart,Grace Kelly,471860,100.0,36.76,0,0,0,0,0,0,0,0,0,0,0,0,0,0,1,0,0,0,1,0,0
Casablanca,1942,102,8.5,A cynical expatriate American cafe owner struggles to decide whether or not to help his former lover and her fugitive husband escape the Nazis in French Morocco.,Michael Curtiz,Humphrey Bogart,Ingrid Bergman,549646,100.0,1.02,0,0,0,0,0,0,1,0,0,0,0,0,0,0,0,1,0,0,0,1,0
Modern Times,1936,87,8.5,The Tramp struggles to live in modern industrial society with the help of a young homeless woman.,Charles Chaplin,Charles Chaplin,Paulette Goddard,231995,96.0,0.16,0,0,0,0,1,0,1,1,0,0,0,0,0,0,0,0,0,0,0,0,0
City Lights,1931,87,8.5,"With the aid of a wealthy erratic tippler, a dewy-eyed tramp who has fallen in love with a sightless flower girl accumulates money to be able to help her medically.",Charles Chaplin,Charles Chaplin,Virginia Cherrill,178296,99.0,0.02,0,0,0,0,1,0,1,0,0,0,0,0,0,0,0,1,0,0,0,0,0
Hamilton,2020,160,8.4,"The real life of one of America's foremost founding fathers and first Secretary of the Treasury, Alexander Hamilton. Captured live on Broadway from the Richard Rodgers Theater with the original Broadway cast.",Thomas Kail,Lin-Manuel Miranda,Phillipa Soo,79390,90.0,32.285,0,0,0,1,0,0,1,0,0,0,1,0,0,0,0,0,0,0,0,0,0
Capernaum,2018,126,8.4,"While serving a five-year sentence for a violent crime, a 12-year-old boy sues his parents for neglect.",Nadine Labaki,Zain Al Rafeea,Yordanos Shiferaw,79461,75.0,1.66,0,0,0,0,0,0,1,0,0,0,0,0,0,0,0,0,0,0,0,0,0
Joker,2019,122,8.4,"In Gotham City, mentally troubled comedian Arthur Fleck is disregarded and mistreated by society. He then embarks on a downward spiral of revolution and bloody crime. This path brings him face-to-face with his alter-ego: the Joker.",Todd Phillips,Joaquin Phoenix,Robert De Niro,1117695,59.0,335.45,0,0,0,0,0,1,1,0,0,0,0,0,0,0,0,0,0,0,1,0,0
Your Name.,2016,106,8.4,"Two strangers find themselves linked in a bizarre way. When a connection forms, will distance be the only thing to keep them apart?",Makoto Shinkai,Ryûnosuke Kamiki,Mone Kamishiraishi,234828,79.0,5.02,0,0,1,0,0,0,1,0,1,0,0,0,0,0,0,0,0,0,0,0,0
Dangal,2016,161,8.4,Former wrestler  and his two wrestler daughters struggle towards glory at the Commonwealth Games in the face of societal oppression.,Nitesh Tiwari,Aamir Khan,Sakshi Tanwar,175751,82.44954128440367,12.39,1,0,0,1,0,0,1,0,0,0,0,0,0,0,0,0,0,0,0,0,0
Spider-Man: Into the Spider-Verse,2018,117,8.4,"Teen Miles Morales becomes the Spider-Man of his universe, and must join with five spider-powered individuals from other dimensions to stop a threat for all realities.",Bob Persichetti,Peter Ramsey,Rodney Rothman,454240,87.0,190.24,1,1,1,0,0,0,0,0,0,0,0,0,0,0,0,0,0,0,0,0,0
Avengers: Endgame,2019,181,8.4,"After the devastating events of  (2018), the universe is in ruins. With the help of remaining allies, the Avengers assemble once more in order to reverse Thanos' actions and restore balance to the universe.",Anthony Russo,Joe Russo,Robert Downey Jr.,984371,78.0,858.37,1,1,0,0,0,0,1,0,0,0,0,0,0,0,0,0,0,0,0,0,0
Avengers: Infinity War,2018,149,8.4,The Avengers and their allies must be willing to sacrifice all in an attempt to defeat the powerful Thanos before his blitz of devastation and ruin puts an end to the universe.,Anthony Russo,Joe Russo,Robert Downey Jr.,959699,68.0,678.82,1,1,0,0,0,0,0,0,0,0,0,0,0,0,0,0,1,0,0,0,0
Coco,2017,105,8.4,"Aspiring musician Miguel, confronted with his family's ancestral ban on music, enters the Land of the Dead to find his great-great-grandfather, a legendary singer.",Lee Unkrich,Adrian Molina,Anthony Gonzalez,449701,81.0,209.73,0,1,1,0,1,0,0,0,0,0,0,0,0,0,0,0,0,0,0,0,0
Django Unchained,2012,165,8.4,"With the help of a German bounty-hunter, a freed slave sets out to rescue his wife from a brutal plantation-owner in Mississippi.",Quentin Tarantino,Jamie Foxx,Christoph Waltz,1454518,81.0,162.81,0,0,0,0,0,0,1,0,0,0,0,0,0,0,0,0,0,0,0,0,1
The Dark Knight Rises,2012,164,8.4,"Eight years after the Joker's reign of anarchy, Batman, with the help of the enigmatic Catwoman, is forced from his exile to save Gotham City from the brutal guerrilla terrorist Bane.",Christopher Nolan,Christian Bale,Tom Hardy,1602742,78.0,448.14,1,0,0,0,0,1,1,0,0,0,0,0,0,0,0,0,0,0,0,0,0
3 Idiots,2009,170,8.4,"Two friends are searching for their long lost companion. They revisit their college days and recall the memories of their friend who inspired them to think differently, even as the rest of the world called them ""idiots"".",Rajkumar Hirani,Aamir Khan,Madhavan,374643,67.0,6.53,0,0,0,0,1,0,1,0,0,0,0,0,0,0,0,0,0,0,0,0,0
Like Stars on Earth,2007,165,8.4,"An eight-year-old boy is thought to be a lazy trouble-maker, until the new art teacher has the patience and compassion to discover the real problem behind his struggles in school.",Aamir Khan,Amole Gupte,Darsheel Safary,183810,82.44954128440367,1.22,0,0,0,0,0,0,1,1,0,0,0,0,0,0,0,0,0,0,0,0,0
WALL·E,2008,98,8.4,"In the distant future, a small waste-collecting robot inadvertently embarks on a space journey that will ultimately decide the fate of mankind.",Andrew Stanton,Ben Burtt,Elissa Knight,1058382,95.0,223.81,0,1,1,0,0,0,0,1,0,0,0,0,0,0,0,0,0,0,0,0,0
The Lives of Others,2006,137,8.4,"In 1984 East Berlin, an agent of the secret police, conducting surveillance on a writer and his lover, finds himself becoming increasingly absorbed by their lives.",Florian Henckel von Donnersmarck,Ulrich Mühe,Martina Gedeck,377066,89.0,11.29,0,0,0,0,0,0,1,0,0,0,0,0,0,0,1,0,0,0,1,0,0
Oldboy,2003,101,8.4,"After being kidnapped and imprisoned for fifteen years, Oh Dae-Su is released, only to find that he must find his captor in five days.",Park Chan-Wook,Choi Min-sik,Yoo Ji-Tae,549858,77.0,0.71,1,0,0,0,0,0,1,0,0,0,0,0,0,0,1,0,0,0,0,0,0
Memento,2000,113,8.4,A man with short-term memory loss attempts to track down his wife's murderer.,Christopher Nolan,Guy Pearce,Carrie-Anne Moss,1184128,80.0,25.54,0,0,0,0,0,0,0,0,0,0,0,0,0,0,1,0,0,0,1,0,0
Princess Mononoke,1997,134,8.4,"On a journey to find the cure for a Tatarigami's curse, Ashitaka finds himself in the middle of a war between the forest gods and Tatara, a mining colony. In this quest he also meets San, the Mononoke Hime.",Hayao Miyazaki,Yôji Matsuda,Yuriko Ishida,371611,76.0,2.38,1,1,1,0,0,0,0,0,0,0,0,0,0,0,0,0,0,0,0,0,0
Indiana Jones and the Raiders of the Lost Ark,1981,115,8.4,"In 1936, archaeologist and adventurer Indiana Jones is hired by the U.S. government to find the Ark of the Covenant before 's Nazis can obtain its awesome powers.",Steven Spielberg,Harrison Ford,Karen Allen,927966,85.0,248.16,1,1,0,0,0,0,0,0,0,0,0,0,0,0,0,0,0,0,0,0,0
The Shining,1980,146,8.4,"A family heads to an isolated hotel for the winter where a sinister presence influences the father into violence, while his psychic son sees horrific forebodings from both past and future.",Stanley Kubrick,Jack Nicholson,Shelley Duvall,961617,66.0,44.02,0,0,0,0,0,0,1,0,0,0,0,1,0,0,0,0,0,0,0,0,0
Apocalypse Now,1979,147,8.4,A U.S. Army officer serving in Vietnam is tasked with assassinating a renegade Special Forces Colonel who sees himself as a god.,Francis Ford Coppola,Martin Sheen,Marlon Brando,638706,94.0,83.47,0,0,0,0,0,0,1,0,0,0,0,0,0,0,1,0,0,0,0,1,0
Alien,1979,117,8.4,"After a space merchant vessel receives an unknown transmission as a distress call, one of the crew is attacked by a mysterious life form and they soon realize that its life cycle has merely begun.",Ridley Scott,Sigourney Weaver,Tom Skerritt,836215,89.0,78.9,0,0,0,0,0,0,0,0,0,0,0,1,0,0,0,0,1,0,0,0,0
High and Low,1963,143,8.4,An executive of a Yokohama shoe company becomes a victim of extortion when his chauffeur's son is kidnapped by mistake and held for ransom.,Akira Kurosawa,Toshirô Mifune,Yutaka Sada,40926,82.44954128440367,32.285,0,0,0,0,0,1,1,0,0,0,0,0,0,0,1,0,0,0,0,0,0
Dr. Strangelove or: How I Learned to Stop Worrying and Love the Bomb,1964,95,8.4,"An insane American general orders a bombing attack on the Soviet Union, triggering a path to nuclear holocaust that a war room full of politicians and generals frantically tries to stop.",Stanley Kubrick,Peter Sellers,George C. Scott,472667,97.0,0.28,0,0,0,0,1,0,0,0,0,0,0,0,0,0,0,0,0,0,0,1,0
Witness for the Prosecution,1957,116,8.4,A veteran British barrister must defend his client in a murder trial that has surprise after surprise.,Billy Wilder,Tyrone Power,Marlene Dietrich,118882,82.44954128440367,8.18,0,0,0,0,0,1,1,0,0,0,0,0,0,0,1,0,0,0,0,0,0
Paths of Glory,1957,88,8.4,"After refusing to attack an enemy position, a general accuses the soldiers of cowardice and their commanding officer must defend them.",Stanley Kubrick,Kirk Douglas,Ralph Meeker,189658,90.0,32.285,0,0,0,0,0,0,1,0,0,0,0,0,0,0,0,0,0,0,0,1,0
Pather Panchali,1955,125,8.4,"Impoverished priest Harihar Ray, dreaming of a better life for himself and his family, leaves his rural Bengal village in search of work.",Satyajit Ray,Kanu Bannerjee,Karuna Bannerjee,29836,82.44954128440367,0.54,0,0,0,0,0,0,1,0,0,0,0,0,0,0,0,0,0,0,0,0,0
Sunset Blvd.,1950,110,8.4,A screenwriter develops a dangerous relationship with a faded film star determined to make a triumphant return.,Billy Wilder,William Holden,Gloria Swanson,213877,82.44954128440367,32.285,0,0,0,0,0,0,1,0,0,1,0,0,0,0,0,0,0,0,0,0,0
The Great Dictator,1940,125,8.4,Dictator Adenoid Hynkel tries to expand his empire while a poor Jewish barber tries to avoid persecution from Hynkel's regime.,Charles Chaplin,Charles Chaplin,Paulette Goddard,215863,82.44954128440367,0.29,0,0,0,0,1,0,1,0,0,0,0,0,0,0,0,0,0,0,0,1,0
1917,2019,119,8.3,"April 6th, 1917. As an infantry battalion assembles to wage war deep in enemy territory, two soldiers are assigned to race against time and deliver a message that will stop 1,600 men from walking straight into a deadly trap.",Sam Mendes,Dean-Charles Chapman,George MacKay,518278,78.0,159.23,1,0,0,0,0,0,1,0,0,0,0,0,0,0,0,0,0,0,0,1,0
The Hunt,2012,115,8.3,"A teacher lives a lonely life, all the while struggling over his son's custody. His life slowly gets better as he finds love and receives good news from his son, but his new luck is about to be brutally shattered by an innocent little lie.",Thomas Vinterberg,Mads Mikkelsen,Thomas Bo Larsen,310146,77.0,0.69,0,0,0,0,0,0,1,0,0,0,0,0,0,0,0,0,0,0,0,0,0
A Separation,2011,123,8.3,A married couple are faced with a difficult decision - to improve the life of their child by moving to another country or to stay in Iran and look after a deteriorating parent who has Alzheimer's disease.,Asghar Farhadi,Payman Maadi,Leila Hatami,235060,95.0,7.1,0,0,0,0,0,0,1,0,0,0,0,0,0,0,0,0,0,0,0,0,0
Incendies,2010,131,8.3,Twins journey to the Middle East to discover their family history and fulfill their mother's last wishes.,Denis Villeneuve,Lubna Azabal,Mélissa Désormeaux-Poulin,166777,80.0,6.86,0,0,0,0,0,0,1,0,0,0,0,0,0,0,1,0,0,0,0,1,0
The Father,2020,97,8.3,"A man refuses all assistance from his daughter as he ages. As he tries to make sense of his changing circumstances, he begins to doubt his loved ones, his own mind and even the fabric of his reality.",Florian Zeller,Anthony Hopkins,Olivia Colman,113499,88.0,32.285,0,0,0,0,0,0,1,0,0,0,0,0,0,0,1,0,0,0,0,0,0
Inglourious Basterds,2009,153,8.3,"In Nazi-occupied France during World War II, a plan to assassinate Nazi leaders by a group of Jewish U.S. soldiers coincides with a theatre owner's vengeful plans for the same.",Quentin Tarantino,Brad Pitt,Diane Kruger,1357332,69.0,120.54,0,1,0,0,0,0,1,0,0,0,0,0,0,0,0,0,0,0,0,1,0
Eternal Sunshine of the Spotless Mind,2004,108,8.3,"When their relationship turns sour, a couple undergoes a medical procedure to have each other erased from their memories.",Michel Gondry,Jim Carrey,Kate Winslet,960761,89.0,34.4,0,0,0,0,0,0,1,0,0,0,0,0,0,0,0,1,1,0,0,0,0
Amélie,2001,122,8.3,"Amélie is an innocent and naive girl in Paris with her own sense of justice. She decides to help those around her and, along the way, discovers love.",Jean-Pierre Jeunet,Audrey Tautou,Mathieu Kassovitz,732054,69.0,33.23,0,0,0,0,1,0,0,0,0,0,0,0,0,0,0,1,0,0,0,0,0
Requiem for a Dream,2000,102,8.3,The drug-induced utopias of four Coney Island people are shattered when their addictions run deep.,Darren Aronofsky,Ellen Burstyn,Jared Leto,804961,68.0,3.64,0,0,0,0,0,0,1,0,0,0,0,0,0,0,0,0,0,0,0,0,0
American Beauty,1999,122,8.3,A sexually frustrated suburban father has a mid-life crisis after becoming infatuated with his daughter's best friend.,Sam Mendes,Kevin Spacey,Annette Bening,1115742,84.0,130.1,0,0,0,0,0,0,1,0,0,0,0,0,0,0,0,0,0,0,0,0,0
Good Will Hunting,1997,126,8.3,"Will Hunting, a janitor at M.I.T., has a gift for mathematics, but needs help from a psychologist to find direction in his life.",Gus Van Sant,Robin Williams,Matt Damon,915708,70.0,138.43,0,0,0,0,0,0,1,0,0,0,0,0,0,0,0,1,0,0,0,0,0
Children of Heaven,1997,89,8.3,"After a boy loses his sister's pair of shoes, he goes on a series of adventures in order to find them. When he can't, he tries a new way to ""win"" a new pair.",Majid Majidi,Mohammad Amir Naji,Amir Farrokh Hashemian,71594,77.0,0.93,0,0,0,0,0,0,1,1,0,0,0,0,0,0,0,0,0,1,0,0,0
Toy Story,1995,81,8.3,A cowboy doll is profoundly threatened and jealous when a new spaceman figure supplants him as top toy in a boy's room.,John Lasseter,Tom Hanks,Tim Allen,941103,95.0,191.8,0,1,1,0,1,0,0,0,0,0,0,0,0,0,0,0,0,0,0,0,0
Braveheart,1995,178,8.3,Scottish warrior William Wallace leads his countrymen in a rebellion to free his homeland from the tyranny of King Edward I of England.,Mel Gibson,Mel Gibson,Sophie Marceau,999264,68.0,75.6,0,0,0,1,0,0,1,0,0,0,1,0,0,0,0,0,0,0,0,0,0
Reservoir Dogs,1992,99,8.3,"When a simple jewelry heist goes horribly wrong, the surviving criminals begin to suspect that one of them is a police informant.",Quentin Tarantino,Harvey Keitel,Tim Roth,970977,79.0,2.83,0,0,0,0,0,1,1,0,0,0,0,0,0,0,0,0,0,0,1,0,0
Full Metal Jacket,1987,116,8.3,A pragmatic U.S. Marine observes the dehumanizing effects the Vietnam War has on his fellow recruits from their brutal boot camp training to the bloody street fighting in Hue.,Stanley Kubrick,Matthew Modine,R. Lee Ermey,710376,76.0,46.36,0,0,0,0,0,0,1,0,0,0,0,0,0,0,0,0,0,0,0,1,0
Come and See,1985,142,8.3,"After finding an old rifle, a young boy joins the Soviet resistance movement against ruthless German forces and experiences the horrors of World War II.",Elem Klimov,Aleksey Kravchenko,Olga Mironova,70608,82.44954128440367,32.285,0,0,0,0,0,0,1,0,0,0,0,0,0,0,0,0,0,0,1,1,0
Aliens,1986,137,8.3,"Fifty-seven years after surviving an apocalyptic attack aboard her space vessel by merciless space creatures, Officer Ripley awakens from hyper-sleep and tries to warn anyone who will listen about the predators.",James Cameron,Sigourney Weaver,Michael Biehn,687704,84.0,85.16,1,1,0,0,0,0,0,0,0,0,0,0,0,0,0,0,1,0,0,0,0
Once Upon a Time in America,1984,229,8.3,"A former Prohibition-era Jewish gangster returns to the Lower East Side of Manhattan 35 years later, where he must once again confront the ghosts and regrets of his old life.",Sergio Leone,Robert De Niro,James Woods,335091,75.0,5.32,0,0,0,0,0,1,1,0,0,0,0,0,0,0,0,0,0,0,0,0,0
Amadeus,1984,160,8.3,"The life, success and troubles of , as told by , the contemporaneous composer who was insanely jealous of Mozart's talent and claimed to have murdered him.",Milos Forman,F. Murray Abraham,Tom Hulce,386835,88.0,51.97,0,0,0,1,0,0,1,0,0,0,0,0,1,0,0,0,0,0,0,0,0
Scarface,1983,170,8.3,"In 1980 Miami, a determined Cuban immigrant takes over a drug cartel and succumbs to greed.",Brian De Palma,Al Pacino,Michelle Pfeiffer,791227,65.0,45.6,0,0,0,0,0,1,1,0,0,0,0,0,0,0,0,0,0,0,0,0,0
Star Wars: Episode VI - Return of the Jedi,1983,131,8.3,"After a daring mission to rescue Han Solo from Jabba the Hutt, the Rebels dispatch to Endor to destroy the second Death Star. Meanwhile, Luke struggles to help Darth Vader back from the dark side without falling into the Emperor's trap.",Richard Marquand,Mark Hamill,Harrison Ford,999891,58.0,309.13,1,1,0,0,0,0,0,0,1,0,0,0,0,0,0,0,0,0,0,0,0
Das Boot,1981,149,8.3,"The claustrophobic world of a WWII German U-boat; boredom, filth and sheer terror.",Wolfgang Petersen,Jürgen Prochnow,Herbert Grönemeyer,243269,86.0,11.49,0,0,0,0,0,0,1,0,0,0,0,0,0,0,0,0,0,0,0,1,0
Dersu Uzala,1975,142,8.3,The Russian army sends an explorer on an expedition to the snowy Siberian wilderness where he makes friends with a seasoned local hunter.,Akira Kurosawa,Maksim Munzuk,Yuriy Solomin,26538,82.44954128440367,32.285,0,1,0,1,0,0,1,0,0,0,0,0,0,0,0,0,0,0,0,0,0
The Sting,1973,129,8.3,Two grifters team up to pull off the ultimate con.,George Roy Hill,Paul Newman,Robert Redford,253296,83.0,159.6,0,0,0,0,1,1,1,0,0,0,0,0,0,0,0,0,0,0,0,0,0
A Clockwork Orange,1971,136,8.3,"In the future, a sadistic gang leader is imprisoned and volunteers for a conduct-aversion experiment, but it doesn't go as planned.",Stanley Kubrick,Malcolm McDowell,Patrick Magee,795715,77.0,6.21,0,0,0,0,0,1,0,0,0,0,0,0,0,0,0,0,1,0,0,0,0
2001: A Space Odyssey,1968,149,8.3,"The Monoliths push humanity to reach for the stars; after their discovery in Africa generations ago, the mysterious objects lead mankind on an awesome journey to Jupiter, with the help of H.A.L. 9000: the world's greatest supercomputer.",Stanley Kubrick,Keir Dullea,Gary Lockwood,638955,84.0,56.95,0,1,0,0,0,0,0,0,0,0,0,0,0,0,0,0,1,0,0,0,0
Lawrence of Arabia,1962,228,8.3,"The story of , the English officer who successfully united and led the diverse, often warring, Arab tribes during World War I in order to fight the Turks.",David Lean,Peter O'Toole,Alec Guinness,283057,100.0,44.82,0,1,0,1,0,0,1,0,0,0,0,0,0,0,0,0,0,0,0,0,0
The Apartment,1960,125,8.3,"A Manhattan insurance clerk tries to rise in his company by letting its executives use his apartment for trysts, but complications and a romance of his own ensue.",Billy Wilder,Jack Lemmon,Shirley MacLaine,174676,94.0,18.6,0,0,0,0,1,0,1,0,0,0,0,0,0,0,0,1,0,0,0,0,0
North by Northwest,1959,136,8.3,"A New York City advertising executive goes on the run after being mistaken for a government agent by a group of foreign spies, and falls for a woman whose loyalties he begins to doubt.",Alfred Hitchcock,Cary Grant,Eva Marie Saint,316258,98.0,13.28,0,1,0,0,0,0,0,0,0,0,0,0,0,0,1,0,0,0,1,0,0
Vertigo,1958,128,8.3,"A former San Francisco police detective juggles wrestling with his personal demons and becoming obsessed with the hauntingly beautiful woman he has been hired to trail, who may be deeply disturbed.",Alfred Hitchcock,James Stewart,Kim Novak,387477,100.0,3.2,0,0,0,0,0,0,0,0,0,0,0,0,0,0,1,1,0,0,1,0,0
Singin' in the Rain,1952,103,8.3,A silent film star falls for a chorus girl just as he and his delusionally jealous screen partner are trying to make the difficult transition to talking pictures in 1920s Hollywood.,Stanley Donen,Gene Kelly,Gene Kelly,232106,99.0,8.82,0,0,0,0,1,0,0,0,0,0,0,0,0,1,0,1,0,0,0,0,0
Ikiru,1952,143,8.3,A bureaucrat tries to find meaning in his life after he discovers he has terminal cancer.,Akira Kurosawa,Takashi Shimura,Nobuo Kaneko,74978,82.44954128440367,0.06,0,0,0,0,0,0,1,0,0,0,0,0,0,0,0,0,0,0,0,0,0
Bicycle Thieves,1948,89,8.3,"In post-war Italy, a working-class man's bicycle is stolen, endangering his efforts to find work. He and his son set out to find it.",Vittorio De Sica,Lamberto Maggiorani,Enzo Staiola,157775,82.44954128440367,0.33,0,0,0,0,0,0,1,0,0,0,0,0,0,0,0,0,0,0,0,0,0
Double Indemnity,1944,107,8.3,"A Los Angeles insurance representative lets an alluring housewife seduce him into a scheme of insurance fraud and murder that arouses the suspicion of his colleague, an insurance investigator.",Billy Wilder,Fred MacMurray,Barbara Stanwyck,151725,95.0,5.72,0,0,0,0,0,1,1,0,0,1,0,0,0,0,0,0,0,0,0,0,0
Citizen Kane,1941,119,8.3,"Following the death of publishing tycoon Charles Foster Kane, reporters scramble to uncover the meaning of his final utterance; 'Rosebud'.",Orson Welles,Orson Welles,Joseph Cotten,427403,100.0,1.59,0,0,0,0,0,0,1,0,0,0,0,0,0,0,1,0,0,0,0,0,0
M,1931,99,8.3,"When the police in a German city are unable to catch a child-murderer, other criminals join in the manhunt.",Fritz Lang,Peter Lorre,Ellen Widmann,152542,82.44954128440367,0.03,0,0,0,0,0,1,0,0,0,0,0,0,0,0,1,0,0,0,1,0,0
Metropolis,1927,153,8.3,"In a futuristic city sharply divided between the working class and the city planners, the son of the city's mastermind falls in love with a working-class prophet who predicts the coming of a savior to mediate their differences.",Fritz Lang,Brigitte Helm,Alfred Abel,168795,98.0,1.24,0,0,0,0,0,0,1,0,0,0,0,0,0,0,0,0,1,0,0,0,0
The Kid,1921,68,8.3,"The Tramp cares for an abandoned child, but events put that relationship in jeopardy.",Charles Chaplin,Charles Chaplin,Edna Purviance,121905,82.44954128440367,5.45,0,0,0,0,1,0,1,1,0,0,0,0,0,0,0,0,0,0,0,0,0
Andhadhun,2018,139,8.2,"A series of mysterious events change the life of a blind pianist, who must now report a crime that he should technically know nothing of.",Sriram Raghavan,Ayushmann Khurrana,Tabu,85762,82.44954128440367,1.37,0,0,0,0,1,1,0,0,0,0,0,0,1,0,0,0,0,0,0,0,0
Green Book,2018,130,8.2,A working-class Italian-American bouncer becomes the driver of an African-American classical pianist on a tour of venues through the 1960s American South.,Peter Farrelly,Viggo Mortensen,Mahershala Ali,441202,69.0,85.08,0,0,0,1,1,0,1,0,0,0,0,0,0,0,0,0,0,0,0,0,0
A Silent Voice: The Movie,2016,130,8.2,"A young man is ostracized by his classmates after he bullies a deaf girl to the point where she moves away. Years later, he sets off on a path for redemption.",Naoko Yamada,Miyu Irino,Saori Hayami,68216,78.0,32.285,0,0,1,0,0,0,1,0,0,0,0,0,0,0,0,0,0,0,0,0,0
Klaus,2019,96,8.2,"A simple act of kindness always sparks another, even in a frozen, faraway place. When Smeerensburg's new postman, Jesper, befriends toymaker Klaus, their gifts melt an age-old feud and deliver a sleigh full of holiday traditions.",Sergio Pablos,Carlos Martínez López,Jason Schwartzman,133663,65.0,32.285,0,1,1,0,1,0,0,0,0,0,0,0,0,0,0,0,0,0,0,0,0
Gangs of Wasseypur,2012,321,8.2,"A clash between Sultan and Shahid Khan leads to the expulsion of Khan from Wasseypur, and ignites a deadly blood feud spanning three generations.",Anurag Kashyap,Manoj Bajpayee,Richa Chadha,91598,89.0,32.285,1,0,0,0,1,1,0,0,0,0,0,0,0,0,0,0,0,0,0,0,0
The Secret in Their Eyes,2009,129,8.2,A retired legal counselor writes a novel hoping to find closure for one of his past unresolved homicide cases and for his unreciprocated love with his superior - both of which still haunt him decades later.,Juan José Campanella,Ricardo Darín,Soledad Villamil,203213,80.0,6.39,0,0,0,0,0,0,1,0,0,0,0,0,0,0,1,1,0,0,0,0,0
Dune,2021,155,8.2,Feature adaptation of Frank Herbert's science fiction novel about the son of a noble family entrusted with the protection of the most valuable asset and most vital element in the galaxy.,Denis Villeneuve,Timothée Chalamet,Rebecca Ferguson,417890,74.0,32.285,1,1,0,0,0,0,1,0,0,0,0,0,0,0,0,0,0,0,0,0,0
Shutter Island,2010,138,8.2,"In 1954, a U.S. Marshal investigates the disappearance of a murderer who escaped from a hospital for the criminally insane.",Martin Scorsese,Leonardo DiCaprio,Emily Mortimer,1221247,63.0,128.01,0,0,0,0,0,0,0,0,0,0,0,0,0,0,1,0,0,0,1,0,0
Up,2009,96,8.2,"78-year-old Carl Fredricksen travels to Paradise Falls in his house equipped with balloons, inadvertently taking a young stowaway.",Pete Docter,Bob Peterson,Ed Asner,990323,88.0,293.0,0,1,1,0,1,0,0,0,0,0,0,0,0,0,0,0,0,0,0,0,0
Miracle in Cell No. 7,2019,132,8.2,A story of love between a mentally-ill father who was wrongly accused of murder and his lovely six year old daughter. Prison will be their home. Based on the 2013 Korean movie  (2013).,Mehmet Ada Öztekin,Aras Bulut Iynemli,Nisa Sofiya Aksongur,44182,82.44954128440367,32.285,0,0,0,0,0,0,1,0,0,0,0,0,0,0,0,0,0,0,0,0,0
The Wolf of Wall Street,2013,180,8.2,"Based on the true story of , from his rise to a wealthy stock-broker living the high life to his fall involving crime, corruption and the federal government.",Martin Scorsese,Leonardo DiCaprio,Jonah Hill,1295702,75.0,116.9,0,0,0,1,1,1,0,0,0,0,0,0,0,0,0,0,0,0,0,0,0
My Father and My Son,2005,112,8.2,The family of a left-wing journalist is torn apart after the military coup of Turkey in 1980.,Cagan Irmak,Eser Sariyar,Çetin Tekindor,84131,82.44954128440367,32.285,0,0,0,0,0,0,1,1,0,0,0,0,0,0,0,0,0,0,0,0,0
There Will Be Blood,2007,158,8.2,"A story of family, religion, hatred, oil and madness, focusing on a turn-of-the-century prospector in the early days of the business.",Paul Thomas Anderson,Daniel Day-Lewis,Paul Dano,554523,93.0,40.22,0,0,0,0,0,0,1,0,0,0,0,0,0,0,0,0,0,0,0,0,0
Pan's Labyrinth,2006,118,8.2,"In the Falangist Spain of 1944, the bookish young stepdaughter of a sadistic army officer escapes into an eerie but captivating fantasy world.",Guillermo del Toro,Ivana Baquero,Ariadna Gil,645807,98.0,37.63,0,0,0,0,0,0,1,0,1,0,0,0,0,0,0,0,0,0,0,1,0
Toy Story 3,2010,103,8.2,"The toys are mistakenly delivered to a day-care center instead of the attic right before Andy leaves for college, and it's up to Woody to convince the other toys that they weren't abandoned and to return home.",Lee Unkrich,Tom Hanks,Tim Allen,796770,92.0,415.0,0,1,1,0,1,0,0,0,0,0,0,0,0,0,0,0,0,0,0,0,0
Batman Begins,2005,140,8.2,"After training with his mentor, Batman begins his fight to free crime-ridden Gotham City from corruption.",Christopher Nolan,Christian Bale,Michael Caine,1380134,70.0,206.85,1,0,0,0,0,1,1,0,0,0,0,0,0,0,0,0,0,0,0,0,0
Downfall,2004,156,8.2,", the final secretary for , tells of the Nazi dictator's final days in his Berlin bunker at the end of WWII.",Oliver Hirschbiegel,Bruno Ganz,Alexandra Maria Lara,345017,82.0,5.51,0,0,0,1,0,0,1,0,0,0,1,0,0,0,0,0,0,0,0,0,0
Howl's Moving Castle,2004,119,8.2,"When an unconfident young woman is cursed with an old body by a spiteful witch, her only chance of breaking the spell lies with a self-indulgent yet insecure young wizard and his companions in his legged, walking castle.",Hayao Miyazaki,Chieko Baishô,Takuya Kimura,366078,80.0,4.71,0,1,1,0,0,0,0,1,0,0,0,0,0,0,0,0,0,0,0,0,0
A Beautiful Mind,2001,135,8.2,"After , a brilliant but asocial mathematician, accepts secret work in cryptography, his life takes a turn for the nightmarish.",Ron Howard,Russell Crowe,Ed Harris,892795,72.0,170.74,0,0,0,1,0,0,1,0,0,0,0,0,0,0,0,0,0,0,0,0,0
Snatch,2000,102,8.2,"Unscrupulous boxing promoters, violent bookmakers, a Russian gangster, incompetent amateur robbers and supposedly Jewish jewelers fight to track down a priceless stolen diamond.",Guy Ritchie,Jason Statham,Brad Pitt,821953,55.0,30.33,0,0,0,0,1,1,0,0,0,0,0,0,0,0,0,0,0,0,0,0,0
"Lock, Stock and Two Smoking Barrels",1998,107,8.2,"Eddy persuades his three pals to pool money for a vital poker game against a powerful local mobster, Hatchet Harry. Eddy loses, after which Harry gives him a week to pay back 500,000 pounds.",Guy Ritchie,Jason Flemyng,Dexter Fletcher,561789,66.0,3.9,1,0,0,0,1,1,0,0,0,0,0,0,0,0,0,0,0,0,0,0,0
L.A. Confidential,1997,138,8.2,"As corruption grows in 1950s Los Angeles, three policemen - one strait-laced, one brutal, and one sleazy - investigate a series of murders with their own brand of justice.",Curtis Hanson,Kevin Spacey,Russell Crowe,560400,90.0,64.62,0,0,0,0,0,1,1,0,0,0,0,0,0,0,1,0,0,0,0,0,0
The Bandit,1996,128,8.2,"Baran the Bandit, released from prison after 35 years, searches for vengeance and his lover.",Yavuz Turgul,Sener Sen,Ugur Yücel,68582,82.44954128440367,32.285,0,0,0,0,0,1,1,0,0,0,0,0,0,0,0,0,0,0,1,0,0
Heat,1995,170,8.2,A group of high-end professional thieves start to feel the heat from the LAPD when they unknowingly leave a clue at their latest heist.,Michael Mann,Al Pacino,Robert De Niro,619049,76.0,67.44,1,0,0,0,0,1,1,0,0,0,0,0,0,0,0,0,0,0,0,0,0
Casino,1995,178,8.2,"A tale of greed, deception, money, power, and murder occur between two best friends: a mafia enforcer and a casino executive compete against each other over a gambling empire, and over a fast-living and fast-loving socialite.",Martin Scorsese,Robert De Niro,Sharon Stone,495286,73.0,42.44,0,0,0,0,0,1,1,0,0,0,0,0,0,0,0,0,0,0,0,0,0
Unforgiven,1992,130,8.2,"Retired Old West gunslinger William Munny reluctantly takes on one last job, with the help of his old partner Ned Logan and a young man, The ""Schofield Kid.""",Clint Eastwood,Clint Eastwood,Gene Hackman,396934,85.0,101.16,0,0,0,0,0,0,1,0,0,0,0,0,0,0,0,0,0,0,0,0,1
Indiana Jones and the Last Crusade,1989,127,8.2,"In 1938, after his father Professor Henry Jones, Sr. goes missing while pursuing the Holy Grail, Professor Henry ""Indiana"" Jones, Jr. finds himself up against 's Nazis again to stop them from obtaining its powers.",Steven Spielberg,Harrison Ford,Sean Connery,725859,65.0,197.17,1,1,0,0,0,0,0,0,0,0,0,0,0,0,0,0,0,0,0,0,0
My Neighbor Totoro,1988,86,8.2,"When two girls move to the country to be near their ailing mother, they have adventures with the wondrous forest spirits who live nearby.",Hayao Miyazaki,Hitoshi Takagi,Noriko Hidaka,317488,86.0,1.11,0,0,1,0,1,0,0,1,0,0,0,0,0,0,0,0,0,0,0,0,0
Die Hard,1988,132,8.2,An NYPD officer tries to save his wife and several others taken hostage by German terrorists during a Christmas party at the Nakatomi Plaza in Los Angeles.,John McTiernan,Bruce Willis,Alan Rickman,840595,72.0,83.01,1,0,0,0,0,0,0,0,0,0,0,0,0,0,0,0,0,0,1,0,0
Ran,1985,162,8.2,"In Medieval Japan, an elderly warlord retires, handing over his empire to his three sons. However, he vastly underestimates how the new-found power will corrupt them and cause them to turn on each other...and him.",Akira Kurosawa,Tatsuya Nakadai,Akira Terao,121074,96.0,4.14,1,0,0,0,0,0,1,0,0,0,0,0,0,0,0,0,0,0,0,1,0
Raging Bull,1980,129,8.2,"The life of boxer , whose violence and temper that led him to the top in the ring destroyed his life outside of it.",Martin Scorsese,Robert De Niro,Cathy Moriarty,339747,89.0,23.38,0,0,0,1,0,0,1,0,0,0,0,0,0,0,0,0,0,1,0,0,0
Autumn Sonata,1978,99,8.2,"A devoted wife is visited by her mother, a successful concert pianist who had little time for her when she was young.",Ingmar Bergman,Ingrid Bergman,Liv Ullmann,32443,82.44954128440367,32.285,0,0,0,0,0,0,1,0,0,0,0,0,1,0,0,0,0,0,0,0,0
Taxi Driver,1976,114,8.2,"A mentally unstable veteran works as a nighttime taxi driver in New York City, where the perceived decadence and sleaze fuels his urge for violent action.",Martin Scorsese,Robert De Niro,Jodie Foster,774276,94.0,28.26,0,0,0,0,0,1,1,0,0,0,0,0,0,0,0,0,0,0,0,0,0
Monty Python and the Holy Grail,1975,91,8.2,"King Arthur and his Knights of the Round Table embark on a surreal, low-budget search for the Holy Grail, encountering many, very silly obstacles.",Terry Gilliam,Terry Jones,Graham Chapman,523422,91.0,1.23,0,1,0,0,1,0,0,0,1,0,0,0,0,0,0,0,0,0,0,0,0
Chinatown,1974,130,8.2,"A private detective hired to expose an adulterer in 1930s Los Angeles finds himself caught up in a web of deceit, corruption, and murder.",Roman Polanski,Jack Nicholson,Faye Dunaway,313579,92.0,8.49,0,0,0,0,0,0,1,0,0,0,0,0,0,0,1,0,0,0,1,0,0
Z,1969,127,8.2,The public murder of a prominent politician and doctor amid a violent demonstration is covered up by military and government officials. A tenacious magistrate is determined not to let them get away with it.,Costa-Gavras,Yves Montand,Irene Papas,26869,86.0,0.08,0,0,0,0,0,1,1,0,0,0,1,0,0,0,0,0,0,0,0,0,0
For a Few Dollars More,1965,132,8.2,Two bounty hunters with the same intentions team up to track down an escaped Mexican outlaw.,Sergio Leone,Clint Eastwood,Lee Van Cleef,246804,74.0,15.0,0,0,0,0,0,0,0,0,0,0,0,0,0,0,0,0,0,0,0,0,1
The Great Escape,1963,172,8.2,Allied prisoners of war plan for several hundred of their number to escape from a German camp during World War II.,John Sturges,Steve McQueen,James Garner,236559,86.0,12.1,0,1,0,0,0,0,1,0,0,0,1,0,0,0,0,0,0,0,0,0,0
To Kill a Mockingbird,1962,129,8.2,"Atticus Finch, a widowed lawyer in Depression-era Alabama, defends a black man against an undeserved rape charge, and his children against prejudice.",Robert Mulligan,Gregory Peck,John Megna,307202,88.0,32.285,0,0,0,0,0,1,1,0,0,0,0,0,0,0,0,0,0,0,0,0,0
Yojimbo,1961,110,8.2,A crafty ronin comes to a town divided by two criminal gangs and decides to play them against each other to free the town.,Akira Kurosawa,Toshirô Mifune,Eijirô Tôno,118763,93.0,32.285,1,0,0,0,0,0,1,0,0,0,0,0,0,0,0,0,0,0,1,0,0
Judgment at Nuremberg,1961,179,8.2,"In 1948, an American court in occupied Germany tries four Nazis judged for war crimes.",Stanley Kramer,Spencer Tracy,Burt Lancaster,74699,60.0,32.285,0,0,0,0,0,0,1,0,0,0,0,0,0,0,0,0,0,0,0,1,0
Some Like It Hot,1959,121,8.2,"After two male musicians witness a mob hit, they flee the state in an all-female band disguised as women, but further complications set in.",Billy Wilder,Marilyn Monroe,Tony Curtis,257469,98.0,25.0,0,0,0,0,1,0,0,0,0,0,0,0,1,0,0,1,0,0,0,0,0
Wild Strawberries,1957,91,8.2,"After living a life marked by coldness, an aging professor is forced to confront the emptiness of his existence.",Ingmar Bergman,Victor Sjöström,Bibi Andersson,103622,88.0,32.285,0,0,0,0,0,0,1,0,0,0,0,0,0,0,0,1,0,0,0,0,0
The Seventh Seal,1957,96,8.2,"A knight returning to Sweden after the Crusades seeks answers about life, death, and the existence of God as he plays chess against the Grim Reaper during the Black Plague.",Ingmar Bergman,Max von Sydow,Gunnar Björnstrand,178076,88.0,32.285,0,0,0,0,0,0,1,0,1,0,1,0,0,0,0,0,0,0,0,0,0
Dial M for Murder,1954,105,8.2,A former tennis player tries to arrange his wife's murder after learning of her affair.,Alfred Hitchcock,Ray Milland,Grace Kelly,169066,75.0,0.01,0,0,0,0,0,1,0,0,0,0,0,0,0,0,0,0,0,0,1,0,0
Tokyo Story,1953,136,8.2,"An old couple visit their children and grandchildren in the city, but receive little attention.",Yasujirô Ozu,Chishû Ryû,Chieko Higashiyama,58792,82.44954128440367,32.285,0,0,0,0,0,0,1,0,0,0,0,0,0,0,0,0,0,0,0,0,0
Rashomon,1950,88,8.2,"The rape of a bride and the murder of her samurai husband are recalled from the perspectives of a bandit, the bride, the samurai's ghost and a woodcutter.",Akira Kurosawa,Toshirô Mifune,Machiko Kyô,162274,98.0,0.1,0,0,0,0,0,1,1,0,0,0,0,0,0,0,1,0,0,0,0,0,0
All About Eve,1950,138,8.2,A seemingly timid but secretly ruthless ingénue insinuates herself into the lives of an aging Broadway star and her circle of theater friends.,Joseph L. Mankiewicz,Bette Davis,Anne Baxter,127476,98.0,0.01,0,0,0,0,0,0,1,0,0,0,0,0,0,0,0,0,0,0,0,0,0
The Treasure of the Sierra Madre,1948,126,8.2,Two down-on-their-luck Americans searching for work in 1920s Mexico convince an old prospector to help them mine for gold in the Sierra Madre Mountains.,John Huston,Humphrey Bogart,Walter Huston,121182,98.0,5.01,0,1,0,0,0,0,1,0,0,0,0,0,0,0,0,0,0,0,0,0,1
To Be or Not to Be,1942,99,8.2,"During the Nazi occupation of Poland, an acting troupe becomes embroiled in a Polish soldier's efforts to track down a German spy.",Ernst Lubitsch,Carole Lombard,Jack Benny,34727,86.0,32.285,0,0,0,0,1,0,0,0,0,0,0,0,0,0,0,1,0,0,0,1,0
The Gold Rush,1925,95,8.2,"A prospector goes to the Klondike during the 1890s gold rush in hopes of making his fortune, and is smitten with a girl he sees in a dance hall.",Charles Chaplin,Charles Chaplin,Mack Swain,107737,82.44954128440367,5.45,0,1,0,0,1,0,1,0,0,0,0,0,0,0,0,0,0,0,0,0,0
Sherlock Jr.,1924,45,8.2,"A film projectionist longs to be a detective, and puts his meagre skills to work when he is framed by a rival for stealing his girlfriend's father's pocketwatch.",Buster Keaton,Buster Keaton,Kathryn McGuire,46967,82.44954128440367,0.98,1,0,0,0,1,0,0,0,0,0,0,0,0,0,0,1,0,0,0,0,0
"Three Billboards Outside Ebbing, Missouri",2017,115,8.1,A mother personally challenges the local authorities to solve her daughter's murder when they fail to catch the culprit.,Martin McDonagh,Frances McDormand,Woody Harrelson,475981,88.0,54.51,0,0,0,0,1,1,1,0,0,0,0,0,0,0,0,0,0,0,0,0,0
The Handmaiden,2016,145,8.1,"A woman is hired as a handmaiden to a Japanese heiress, but secretly she is involved in a plot to defraud her.",Park Chan-Wook,Kim Min-hee,Ha Jung-woo,132314,84.0,2.01,0,0,0,0,0,0,1,0,0,0,0,0,0,0,0,1,0,0,1,0,0
Logan,2017,137,8.1,"In a future where mutants are nearly extinct, an elderly and weary Logan leads a quiet life. But when Laura, a mutant child pursued by scientists, comes to him for help, he must get her to safety.",James Mangold,Hugh Jackman,Patrick Stewart,704205,77.0,226.28,1,0,0,0,0,0,1,0,0,0,0,0,0,0,0,0,1,0,0,0,0
Room,2015,118,8.1,"Held captive for 7 years in an enclosed space, a woman and her young son finally gain their freedom, allowing the boy to experience the outside world for the first time.",Lenny Abrahamson,Brie Larson,Jacob Tremblay,398899,86.0,14.68,0,0,0,0,0,0,1,0,0,0,0,0,0,0,0,0,0,0,1,0,0
Wild Tales,2014,122,8.1,Six short stories that explore the extremities of human behavior involving people in distress.,Damián Szifron,Darío Grandinetti,María Marull,189591,77.0,3.11,0,0,0,0,1,0,1,0,0,0,0,0,0,0,0,0,0,0,1,0,0
The Grand Budapest Hotel,2014,99,8.1,"A writer encounters the owner of an aging high-class hotel, who tells him of his early years serving as a lobby boy in the hotel's glorious years under an exceptional concierge.",Wes Anderson,Ralph Fiennes,F. Murray Abraham,760453,88.0,59.1,0,1,0,0,1,1,0,0,0,0,0,0,0,0,0,0,0,0,0,0,0
Gone Girl,2014,149,8.1,"With his wife's disappearance having become the focus of an intense media circus, a man sees the spotlight turned on him when it's suspected that he may not be innocent.",David Fincher,Ben Affleck,Rosamund Pike,926047,79.0,167.77,0,0,0,0,0,0,1,0,0,0,0,0,0,0,1,0,0,0,1,0,0
Hacksaw Ridge,2016,139,8.1,"World War II American Army Medic , who served during the Battle of Okinawa, refuses to kill people and becomes the first man in American history to receive the Medal of Honor without firing a shot.",Mel Gibson,Andrew Garfield,Sam Worthington,480632,71.0,67.21,0,0,0,1,0,0,1,0,0,0,1,0,0,0,0,0,0,0,0,0,0
Inside Out,2015,95,8.1,"After young Riley is uprooted from her Midwest life and moved to San Francisco, her emotions - Joy, Fear, Anger, Disgust and Sadness - conflict on how best to navigate a new city, house, and school.",Pete Docter,Ronnie Del Carmen,Amy Poehler,666648,94.0,356.46,0,1,1,0,1,0,0,0,0,0,0,0,0,0,0,0,0,0,0,0,0
12 Years a Slave,2013,134,8.1,"In the antebellum United States, , a free black man from upstate New York, is abducted and sold into slavery.",Steve McQueen,Chiwetel Ejiofor,Michael Kenneth Williams,672833,96.0,56.67,0,0,0,1,0,0,1,0,0,0,1,0,0,0,0,0,0,0,0,0,0
Rush,2013,123,8.1,The merciless 1970s rivalry between Formula One rivals  and .,Ron Howard,Daniel Brühl,Chris Hemsworth,459118,74.0,26.95,1,0,0,1,0,0,1,0,0,0,0,0,0,0,0,0,0,0,0,0,0
Ford v Ferrari,2019,152,8.1,American car designer  and driver  battle corporate interference and the laws of physics to build a revolutionary race car for Ford in order to defeat Ferrari at the 24 Hours of Le Mans in 1966.,James Mangold,Matt Damon,Christian Bale,348224,81.0,117.62,1,0,0,1,0,0,1,0,0,0,0,0,0,0,0,0,0,0,0,0,0
Spotlight,2015,129,8.1,"The true story of how the Boston Globe uncovered the massive scandal of child molestation and cover-up within the local Catholic Archdiocese, shaking the entire Catholic Church to its core.",Tom McCarthy,Mark Ruffalo,Michael Keaton,449414,93.0,45.06,0,0,0,1,0,1,1,0,0,0,0,0,0,0,0,0,0,0,0,0,0
Prisoners,2013,153,8.1,"When Keller Dover's daughter and her friend go missing, he takes matters into his own hands as the police pursue multiple leads and the pressure mounts.",Denis Villeneuve,Hugh Jackman,Jake Gyllenhaal,654280,70.0,61.0,0,0,0,0,0,1,1,0,0,0,0,0,0,0,1,0,0,0,0,0,0
Mad Max: Fury Road,2015,120,8.1,"In a post-apocalyptic wasteland, a woman rebels against a tyrannical ruler in search for her homeland with the aid of a group of female prisoners, a psychotic worshiper, and a drifter named Max.",George Miller,Tom Hardy,Charlize Theron,944613,90.0,154.06,1,1,0,0,0,0,0,0,0,0,0,0,0,0,0,0,1,0,0,0,0
Warrior,2011,140,8.1,"The youngest son of an alcoholic former boxer returns home, where he's trained by his father for competition in a mixed martial arts tournament - a path that puts the fighter on a collision course with his estranged, older brother.",Gavin O'Connor,Tom Hardy,Nick Nolte,454687,71.0,13.66,1,0,0,0,0,0,1,0,0,0,0,0,0,0,0,0,0,1,0,0,0
Gran Torino,2008,116,8.1,"Disgruntled Korean War veteran Walt Kowalski sets out to reform his neighbor, Thao Lor, a Hmong teenager who tried to steal Kowalski's prized possession: a 1972 Gran Torino.",Clint Eastwood,Clint Eastwood,Bee Vang,749991,72.0,148.1,0,0,0,0,0,0,1,0,0,0,0,0,0,0,0,0,0,0,0,0,0
Harry Potter and the Deathly Hallows: Part 2,2011,130,8.1,"Harry, Ron, and Hermione search for Voldemort's remaining Horcruxes in their effort to destroy the Dark Lord as the final battle rages on at Hogwarts.",David Yates,Daniel Radcliffe,Emma Watson,818892,85.0,381.01,0,1,0,0,0,0,0,0,1,0,0,0,0,0,1,0,0,0,0,0,0
Hachi: A Dog's Tale,2009,93,8.1,A college professor bonds with an abandoned dog he takes into his home.,Lasse Hallström,Richard Gere,Joan Allen,270784,82.44954128440367,32.285,0,0,0,1,0,0,1,1,0,0,0,0,0,0,0,0,0,0,0,0,0
Mary and Max,2009,92,8.1,"A tale of friendship between two unlikely pen pals: Mary, a lonely, eight-year-old girl living in the suburbs of Melbourne, and Max, a forty-four-year old, severely obese man living in New York.",Adam Elliot,Toni Collette,Philip Seymour Hoffman,172456,82.44954128440367,32.285,0,0,1,0,1,0,1,0,0,0,0,0,0,0,0,0,0,0,0,0,0
How to Train Your Dragon,2010,98,8.1,"A hapless young Viking who aspires to hunt dragons becomes the unlikely friend of a young dragon himself, and learns there may be more to the creatures than he assumed.",Dean DeBlois,Chris Sanders,Jay Baruchel,703537,75.0,217.58,1,1,1,0,0,0,0,0,0,0,0,0,0,0,0,0,0,0,0,0,0
Into the Wild,2007,148,8.1,"After graduating from Emory University, top student and athlete Christopher McCandless abandons his possessions, gives his entire $24,000 savings account to charity and hitchhikes to Alaska to live in the wilderness. Along the way, Christopher encounters a series of characters that shape his life.",Sean Penn,Emile Hirsch,Vince Vaughn,601693,73.0,18.35,0,1,0,1,0,0,1,0,0,0,0,0,0,0,0,0,0,0,0,0,0
No Country for Old Men,2007,122,8.1,Violence and mayhem ensue after a hunter stumbles upon a drug deal gone wrong and more than two million dollars in cash near the Rio Grande.,Ethan Coen,Joel Coen,Tommy Lee Jones,917570,91.0,74.28,0,0,0,0,0,1,1,0,0,0,0,0,0,0,0,0,0,0,1,0,0
V for Vendetta,2005,132,8.1,"In a future British tyranny, a shadowy freedom fighter, known only by the alias of ""V,"" plots to overthrow it with the help of a young woman.",James McTeigue,Hugo Weaving,Natalie Portman,1081061,62.0,70.51,1,0,0,0,0,0,1,0,0,0,0,0,0,0,0,0,1,0,0,0,0
Million Dollar Baby,2004,132,8.1,A determined woman works with a hardened boxing trainer to become a professional.,Clint Eastwood,Hilary Swank,Clint Eastwood,664634,86.0,100.49,0,0,0,0,0,0,1,0,0,0,0,0,0,0,0,0,0,1,0,0,0
Hotel Rwanda,2004,121,8.1,", a hotel manager, houses over a thousand Tutsi refugees during their struggle against the Hutu militia in Rwanda, Africa.",Terry George,Don Cheadle,Sophie Okonedo,346603,79.0,23.53,0,0,0,1,0,0,1,0,0,0,1,0,0,0,0,0,0,0,0,0,0
Before Sunset,2004,80,8.1,"Nine years after Jesse and Celine first met, they encounter each other again on the French leg of Jesse's book tour.",Richard Linklater,Ethan Hawke,Julie Delpy,251581,90.0,5.82,0,0,0,0,0,0,1,0,0,0,0,0,0,0,0,1,0,0,0,0,0
Memories of Murder,2003,132,8.1,"In a small Korean province in 1986, two detectives struggle with the case of multiple young women being found raped and murdered by an unknown culprit.",Bong Joon Ho,Kang-ho Song,Kim Sang-kyung,164706,82.0,0.01,0,0,0,0,0,1,1,0,0,0,0,0,0,0,1,0,0,0,0,0,0
Kill Bill: Vol. 1,2003,111,8.1,"After awakening from a four-year coma, a former assassin wreaks vengeance on the team of assassins who betrayed her.",Quentin Tarantino,Uma Thurman,David Carradine,1061744,69.0,70.1,1,0,0,0,0,1,1,0,0,0,0,0,0,0,0,0,0,0,0,0,0
Finding Nemo,2003,100,8.1,"After his son is captured in the Great Barrier Reef and taken to Sydney, a timid clownfish sets out on a journey to bring him home.",Andrew Stanton,Lee Unkrich,Albert Brooks,996746,90.0,380.84,0,1,1,0,1,0,0,0,0,0,0,0,0,0,0,0,0,0,0,0,0
Catch Me If You Can,2002,141,8.1,"Barely 21 yet, Frank is a skilled forger who has passed as a doctor, lawyer and pilot. FBI agent Carl becomes obsessed with tracking down the con man, who only revels in the pursuit.",Steven Spielberg,Leonardo DiCaprio,Tom Hanks,907766,75.0,164.62,0,0,0,1,0,1,1,0,0,0,0,0,0,0,0,0,0,0,0,0,0
Amores perros,2000,154,8.1,"A horrific car accident connects three stories, each involving characters dealing with loss, regret, and life's harsh realities, all in the name of love.",Alejandro G. Iñárritu,Emilio Echevarría,Gael García Bernal,234220,83.0,5.38,0,0,0,0,0,0,1,0,0,0,0,0,0,0,0,0,0,0,1,0,0
"Monsters, Inc.",2001,92,8.1,"In order to power the city, monsters have to scare children so that they scream. However, the children are toxic to the monsters, and after a child gets through, two monsters realize things may not be what they think.",Pete Docter,David Silverman,Lee Unkrich,863317,79.0,289.92,0,1,1,0,1,0,0,0,0,0,0,0,0,0,0,0,0,0,0,0,0
Neon Genesis Evangelion: The End of Evangelion,1997,87,8.1,Concurrent theatrical ending of the TV series  (1995).,Hideaki Anno,Kazuya Tsurumaki,Megumi Ogata,49072,82.44954128440367,32.285,1,0,1,0,0,0,1,0,0,0,0,0,0,0,0,0,0,0,0,0,0
The Sixth Sense,1999,107,8.1,"A frightened, withdrawn Philadelphia boy who communicates with spirits seeks the help of a disheartened child psychologist.",M. Night Shyamalan,Bruce Willis,Haley Joel Osment,952624,64.0,293.51,0,0,0,0,0,0,1,0,0,0,0,0,0,0,1,0,0,0,1,0,0
The Truman Show,1998,103,8.1,An insurance salesman discovers his whole life is actually a reality TV show.,Peter Weir,Jim Carrey,Ed Harris,1007350,90.0,125.62,0,0,0,0,1,0,1,0,0,0,0,0,0,0,0,0,0,0,0,0,0
The Big Lebowski,1998,117,8.1,"Ultimate L.A. slacker Jeff ""The Dude"" Lebowski, mistaken for a millionaire of the same name, seeks restitution for a rug ruined by debt collectors, enlisting his bowling buddies for help while trying to find the millionaire's missing wife.",Joel Coen,Ethan Coen,Jeff Bridges,775912,71.0,17.5,0,0,0,0,1,1,0,0,0,0,0,0,0,0,0,0,0,1,0,0,0
In the Mood for Love,2000,98,8.1,"Two neighbors form a strong bond after both suspect extramarital activities of their spouses. However, they agree to keep their bond platonic so as not to commit similar wrongs.",Kar-Wai Wong,Tony Chiu-Wai Leung,Maggie Cheung,140230,85.0,2.73,0,0,0,0,0,0,1,0,0,0,0,0,0,0,0,1,0,0,0,0,0
Trainspotting,1996,93,8.1,"Renton, deeply immersed in the Edinburgh drug scene, tries to clean up and get out, despite the allure of the drugs and influence of friends.",Danny Boyle,Ewan McGregor,Ewen Bremner,663132,83.0,16.5,0,0,0,0,0,0,1,0,0,0,0,0,0,0,0,0,0,0,0,0,0
Fargo,1996,98,8.1,Minnesota car salesman Jerry Lundegaard's inept crime falls apart due to his and his henchmen's bungling and the persistent police work of the quite pregnant Marge Gunderson.,Joel Coen,Ethan Coen,William H. Macy,651412,85.0,24.61,0,0,0,0,0,1,0,0,0,0,0,0,0,0,0,0,0,0,1,0,0
La Haine,1995,98,8.1,24 hours in the lives of three young men in the French suburbs the day after a violent riot.,Mathieu Kassovitz,Vincent Cassel,Hubert Koundé,163350,82.44954128440367,0.31,0,0,0,0,0,1,1,0,0,0,0,0,0,0,0,0,0,0,0,0,0
Before Sunrise,1995,101,8.1,"A young man and woman meet on a train in Europe, and wind up spending one evening together in Vienna. Unfortunately, both know that this will probably be their only night together.",Richard Linklater,Ethan Hawke,Julie Delpy,291507,77.0,5.54,0,0,0,0,0,0,1,0,0,0,0,0,0,0,0,1,0,0,0,0,0
Jurassic Park,1993,127,8.1,A pragmatic paleontologist touring an almost complete theme park on an island in Central America is tasked with protecting a couple of kids after a power failure causes the park's cloned dinosaurs to run loose.,Steven Spielberg,Sam Neill,Laura Dern,923629,68.0,402.45,1,1,0,0,0,0,0,0,0,0,0,0,0,0,0,0,1,0,0,0,0
In the Name of the Father,1993,133,8.1,A man's coerced confession to an I.R.A. bombing he did not commit results in the imprisonment of his father as well. An English lawyer fights to free them.,Jim Sheridan,Daniel Day-Lewis,Pete Postlethwaite,168046,84.0,25.01,0,0,0,1,0,1,1,0,0,0,0,0,0,0,0,0,0,0,0,0,0
Dead Poets Society,1989,128,8.1,Maverick teacher John Keating uses poetry to embolden his boarding school students to new heights of self-expression.,Peter Weir,Robin Williams,Robert Sean Leonard,457898,79.0,95.86,0,0,0,0,1,0,1,0,0,0,0,0,0,0,0,0,0,0,0,0,0
The Princess Bride,1987,98,8.1,"While homesick in bed, a young boy's grandfather reads him the story of a farmboy-turned-pirate who encounters numerous obstacles, enemies and allies in his quest to be reunited with his true love.",Rob Reiner,Cary Elwes,Mandy Patinkin,414569,77.0,30.86,0,1,0,0,0,0,0,1,1,0,0,0,0,0,0,0,0,0,0,0,0
Stand by Me,1986,89,8.1,"After the death of one of his friends, a writer recounts a childhood journey with his friends to find the body of a missing boy.",Rob Reiner,Wil Wheaton,River Phoenix,384651,75.0,52.29,0,1,0,0,0,0,1,0,0,0,0,0,0,0,0,0,0,0,0,0,0
Platoon,1986,120,8.1,"Chris Taylor, a neophyte recruit in Vietnam, finds himself caught in a battle of wills between two sergeants, one good and the other evil. A shrewd examination of the brutality of war and the duality of man in conflict.",Oliver Stone,Charlie Sheen,Tom Berenger,399645,92.0,138.53,0,0,0,0,0,0,1,0,0,0,0,0,0,0,0,0,0,0,0,1,0
"Paris, Texas",1984,145,8.1,"Travis Henderson, an aimless drifter who has been missing for four years, wanders out of the desert and must reconnect with society, himself, his life, and his family.",Wim Wenders,Harry Dean Stanton,Nastassja Kinski,101352,78.0,2.18,0,0,0,0,0,0,1,0,0,0,0,0,0,0,0,0,0,0,0,0,0
Nausicaä of the Valley of the Wind,1984,117,8.1,Warrior and pacifist Princess Nausicaä desperately struggles to prevent two warring nations from destroying themselves and their dying planet.,Hayao Miyazaki,Sumi Shimamoto,Mahito Tsujimura,162659,86.0,0.5,0,1,1,0,0,0,0,0,0,0,0,0,0,0,0,0,1,0,0,0,0
The Thing,1982,109,8.1,A research team in Antarctica is hunted by a shape-shifting alien that assumes the appearance of its victims.,John Carpenter,Kurt Russell,Wilford Brimley,400109,57.0,13.78,0,0,0,0,0,0,0,0,0,0,0,1,0,0,1,0,1,0,0,0,0
Fanny and Alexander,1982,188,8.1,"Two young Swedish children in the 1900s experience the many comedies and tragedies of their lively and affectionate theatrical family, the Ekdahls.",Ingmar Bergman,Bertil Guve,Pernilla Allwin,62011,100.0,4.97,0,0,0,0,0,0,1,0,0,0,0,0,0,0,0,0,0,0,0,0,0
Blade Runner,1982,117,8.1,"A blade runner must pursue and terminate four replicants who stole a ship in space, and have returned to Earth to find their creator.",Ridley Scott,Harrison Ford,Rutger Hauer,734033,84.0,32.87,1,0,0,0,0,0,1,0,0,0,0,0,0,0,0,0,1,0,0,0,0
The Elephant Man,1980,124,8.1,"A Victorian surgeon rescues a heavily disfigured man who is mistreated while scraping a living as a side-show freak. Behind his monstrous façade, there is revealed a person of kindness, intelligence and sophistication.",David Lynch,Anthony Hopkins,John Hurt,233182,78.0,32.285,0,0,0,1,0,0,1,0,0,0,0,0,0,0,0,0,0,0,0,0,0
Stalker,1979,162,8.1,A guide leads two men through an area known as the Zone to find a room that grants wishes.,Andrei Tarkovsky,Alisa Freyndlikh,Aleksandr Kaydanovskiy,128582,82.44954128440367,0.23,0,0,0,0,0,0,1,0,0,0,0,0,0,0,0,0,1,0,0,0,0
Life of Brian,1979,94,8.1,"Born on the original Christmas in the stable next door to , Brian of Nazareth spends his life being mistaken for a messiah.",Terry Jones,Graham Chapman,John Cleese,386145,77.0,20.05,0,0,0,0,1,0,0,0,0,0,0,0,0,0,0,0,0,0,0,0,0
The Deer Hunter,1978,183,8.1,An in-depth examination of the ways in which the Vietnam War impacts and disrupts the lives of several friends in a small steel mill town in Pennsylvania.,Michael Cimino,Robert De Niro,Christopher Walken,328205,86.0,48.98,0,0,0,0,0,0,1,0,0,0,0,0,0,0,0,0,0,0,0,1,0
Rocky,1976,120,8.1,A small-time Philadelphia boxer gets a supremely rare chance to fight the world heavyweight champion in a bout in which he strives to go the distance for his self-respect.,John G. Avildsen,Sylvester Stallone,Talia Shire,547820,70.0,117.24,0,0,0,0,0,0,1,0,0,0,0,0,0,0,0,0,0,1,0,0,0
Network,1976,121,8.1,"A television network cynically exploits a deranged former anchor's ravings and revelations about the news media for its own profit, but finds that his message may be difficult to control.",Sidney Lumet,Faye Dunaway,William Holden,154012,83.0,32.285,0,0,0,0,0,0,1,0,0,0,0,0,0,0,0,0,0,0,0,0,0
Barry Lyndon,1975,185,8.1,An Irish rogue wins the heart of a rich widow and assumes her dead husband's aristocratic position in 18th-century England.,Stanley Kubrick,Ryan O'Neal,Marisa Berenson,160689,89.0,32.285,0,1,0,0,0,0,1,0,0,0,1,0,0,0,0,0,0,0,0,0,0
Cool Hand Luke,1967,127,8.1,"A laid back Southern man is sentenced to two years in a rural prison, but refuses to conform.",Stuart Rosenberg,Paul Newman,George Kennedy,171897,92.0,16.22,0,0,0,0,0,1,1,0,0,0,0,0,0,0,0,0,0,0,0,0,0
Persona,1966,83,8.1,A nurse is put in charge of a mute actress and finds that their personae are melding together.,Ingmar Bergman,Bibi Andersson,Liv Ullmann,112661,86.0,32.285,0,0,0,0,0,0,1,0,0,0,0,0,0,0,0,0,0,0,1,0,0
Andrei Rublev,1966,205,8.1,"The life, times and afflictions of the fifteenth-century Russian iconographer St. Andrei Rublev.",Andrei Tarkovsky,Anatoliy Solonitsyn,Ivan Lapikov,51743,82.44954128440367,0.1,0,0,0,1,0,0,1,0,0,0,1,0,0,0,0,0,0,0,0,0,0
The Battle of Algiers,1966,121,8.1,"In the 1950s, fear and violence escalate as the people of Algiers fight for independence from the French government.",Gillo Pontecorvo,Brahim Hadjadj,Jean Martin,57755,96.0,0.06,0,0,0,0,0,0,1,0,0,0,0,0,0,0,0,0,0,0,0,1,0
The 400 Blows,1959,99,8.1,"A young boy, left without attention, delves into a life of petty crime.",François Truffaut,Jean-Pierre Léaud,Albert Rémy,113069,82.44954128440367,32.285,0,0,0,0,0,1,1,0,0,0,0,0,0,0,0,0,0,0,0,0,0
Ben-Hur,1959,212,8.1,"After a Jewish prince is betrayed and sent into slavery by a Roman friend in 1st-century Jerusalem, he regains his freedom and comes back for revenge.",William Wyler,Charlton Heston,Jack Hawkins,231193,90.0,74.7,0,1,0,0,0,0,1,0,0,0,1,0,0,0,0,0,0,0,0,0,0
Nights of Cabiria,1957,110,8.1,A waifish prostitute wanders the streets of Rome looking for true love but finds only heartbreak.,Federico Fellini,Giulietta Masina,François Périer,47031,82.44954128440367,0.75,0,0,0,0,0,0,1,0,0,0,0,0,0,0,0,0,0,0,0,0,0
The Bridge on the River Kwai,1957,161,8.1,"British POWs are forced to build a railway bridge across the river Kwai for their Japanese captors in occupied Burma, not knowing that the allied forces are planning a daring commando raid through the jungle to destroy it.",David Lean,William Holden,Alec Guinness,213585,87.0,44.91,0,1,0,0,0,0,1,0,0,0,0,0,0,0,0,0,0,0,0,1,0
On the Waterfront,1954,108,8.1,"An ex-prize fighter turned New Jersey longshoreman struggles to stand up to his corrupt union bosses, including his older brother, as he starts to connect with the grieving sister of one of the syndicate's victims.",Elia Kazan,Marlon Brando,Karl Malden,150148,91.0,9.6,0,0,0,0,0,1,1,0,0,0,0,0,0,0,0,0,0,0,1,0,0
The Wages of Fear,1953,131,8.1,"In a decrepit South American village, four men are hired to transport an urgent nitroglycerine shipment without the equipment that would make it safe.",Henri-Georges Clouzot,Yves Montand,Charles Vanel,58949,85.0,32.285,0,1,0,0,0,0,1,0,0,0,0,0,0,0,0,0,0,0,1,0,0
The Third Man,1949,93,8.1,"Pulp novelist Holly Martins travels to shadowy, postwar Vienna, only to find himself investigating the mysterious death of an old friend, Harry Lime.",Carol Reed,Orson Welles,Joseph Cotten,167084,97.0,0.45,0,0,0,0,0,0,0,0,0,1,0,0,0,0,1,0,0,0,1,0,0
Rebecca,1940,130,8.1,A self-conscious woman juggles adjusting to her new role as an aristocrat's wife and avoiding being intimidated by his first wife's spectral presence.,Alfred Hitchcock,Laurence Olivier,Joan Fontaine,132700,86.0,4.36,0,0,0,0,0,0,1,0,0,1,0,0,0,0,1,0,0,0,0,0,0
Mr. Smith Goes to Washington,1939,129,8.1,"A naive youth leader is appointed to fill a vacancy in the U.S. Senate. His idealistic plans promptly collide with corruption at home and subterfuge from his hero in Washington, but he tries to forge ahead despite attacks on his character.",Frank Capra,James Stewart,Jean Arthur,112642,73.0,9.6,0,0,0,0,1,0,1,0,0,0,0,0,0,0,0,0,0,0,0,0,0
Gone with the Wind,1939,238,8.1,The manipulative daughter of a Georgia plantation owner conducts a turbulent romance with a roguish profiteer during the American Civil War and Reconstruction periods.,Victor Fleming,George Cukor,Sam Wood,304725,97.0,198.68,0,0,0,0,0,0,1,0,0,0,1,0,0,0,0,1,0,0,0,0,0
It Happened One Night,1934,105,8.1,"A renegade reporter trailing a young runaway heiress for a big story joins her on a bus heading from Florida to New York, and they end up stuck with each other when the bus leaves them behind at one of the stops.",Frank Capra,Clark Gable,Claudette Colbert,100198,87.0,4.36,0,0,0,0,1,0,0,0,0,0,0,0,0,0,0,1,0,0,0,0,0
The Passion of Joan of Arc,1928,114,8.1,"In 1431, Jeanne d'Arc is placed on trial on charges of heresy. The ecclesiastical jurists attempt to force Jeanne to recant her claims of holy visions.",Carl Theodor Dreyer,Maria Falconetti,Eugene Silvain,52264,82.44954128440367,0.02,0,0,0,1,0,0,1,0,0,0,1,0,0,0,0,0,0,0,0,0,0
The General,1926,67,8.1,"After being rejected by the Confederate military, not realizing it was due to his crucial civilian role, an engineer must single-handedly recapture his beloved locomotive after it is seized by Union spies and return it through enemy lines.",Clyde Bruckman,Buster Keaton,Buster Keaton,88022,82.44954128440367,1.03,1,1,0,0,1,0,0,0,0,0,0,0,0,0,0,0,0,0,0,0,0
